"sysdate","variable","value"
2019-05-03,"diesel",21.6170817120623
2019-05-06,"diesel",21.6146692607004
2019-05-07,"diesel",21.6090661478599
2019-05-08,"diesel",21.5992607003891
2019-05-09,"diesel",21.5902723735409
2019-05-10,"diesel",21.5727626459144
2019-05-13,"diesel",21.5669260700389
2019-05-14,"diesel",21.5664591439689
2019-05-15,"diesel",21.5670428015564
2019-05-16,"diesel",21.5638521400778
2019-05-17,"diesel",21.5601167315175
2019-05-20,"diesel",21.5594552529183
2019-05-21,"diesel",21.5563813229572
2019-05-22,"diesel",21.5710894941634
2019-05-23,"diesel",21.5812451361868
2019-05-24,"diesel",21.5872762645914
2019-05-27,"diesel",21.5878210116732
2019-05-28,"diesel",21.5878210116732
2019-05-29,"diesel",21.5687159533074
2019-05-30,"diesel",21.5535019455253
2019-05-31,"diesel",21.537859922179
2019-06-03,"diesel",21.5014785992218
2019-06-04,"diesel",21.4948449612403
2019-06-05,"diesel",21.4793410852713
2019-06-06,"diesel",21.4584108527132
2019-06-07,"diesel",21.4211240310078
2019-06-10,"diesel",21.3913178294574
2019-06-11,"diesel",21.385503875969
2019-06-12,"diesel",21.3908139534884
2019-06-13,"diesel",21.3801162790698
2019-06-14,"diesel",21.3587209302326
2019-06-17,"diesel",21.3279536679537
2019-06-18,"diesel",21.3326153846154
2019-06-19,"diesel",21.3389615384615
2019-06-20,"diesel",21.3383908045977
2019-06-21,"diesel",21.3345977011494
2019-06-24,"diesel",21.3336259541985
2019-06-25,"diesel",21.3346564885496
2019-06-26,"diesel",21.3441603053435
2019-06-27,"diesel",21.3646183206107
2019-06-28,"diesel",21.383893129771
2019-07-01,"diesel",21.4007633587786
2019-07-02,"diesel",21.3985496183206
2019-07-04,"diesel",21.4054198473282
2019-07-05,"diesel",21.4010687022901
2019-07-08,"diesel",21.3976335877863
2019-07-09,"diesel",21.3972519083969
2019-07-10,"diesel",21.4000763358779
2019-07-11,"diesel",21.3921755725191
2019-07-12,"diesel",21.3637786259542
2019-07-15,"diesel",21.3479770992366
2019-07-16,"diesel",21.3498091603053
2019-07-17,"diesel",21.3632061068702
2019-07-18,"diesel",21.3777480916031
2019-07-19,"diesel",21.3845419847328
2019-07-22,"diesel",21.3865399239544
2019-07-23,"diesel",21.3855133079848
2019-07-24,"diesel",21.3746768060836
2019-07-25,"diesel",21.3638022813688
2019-07-26,"diesel",21.3603802281369
2019-07-29,"diesel",21.3490494296578
2019-07-30,"diesel",21.3487072243346
2019-07-31,"diesel",21.3531178707224
2019-08-01,"diesel",21.3563878326996
2019-08-02,"diesel",21.3620912547529
2019-08-05,"diesel",21.3723106060606
2019-08-06,"diesel",21.3718939393939
2019-08-07,"diesel",21.3724060150376
2019-08-08,"diesel",21.3598496240601
2019-08-09,"diesel",21.3415413533835
2019-08-12,"diesel",21.3128571428571
2019-08-13,"diesel",21.3074436090226
2019-08-14,"diesel",21.2908270676692
2019-08-15,"diesel",21.2729323308271
2019-08-16,"diesel",21.2586090225564
2019-08-19,"diesel",21.2392481203008
2019-08-20,"diesel",21.2396240601504
2019-08-21,"diesel",21.243984962406
2019-08-22,"diesel",21.2442481203008
2019-08-23,"diesel",21.2544360902256
2019-08-27,"diesel",21.2629323308271
2019-08-28,"diesel",21.2658270676692
2019-08-29,"diesel",21.2703007518797
2019-08-30,"diesel",21.2729323308271
2019-09-02,"diesel",21.277030075188
2019-09-03,"diesel",21.2768796992481
2019-09-04,"diesel",21.2777443609023
2019-09-05,"diesel",21.2729323308271
2019-09-06,"diesel",21.2713533834586
2019-09-09,"diesel",21.2678195488722
2019-09-10,"diesel",21.2663157894737
2019-09-11,"diesel",21.2646992481203
2019-09-12,"diesel",21.2636466165414
2019-09-13,"diesel",21.2635338345865
2019-09-17,"diesel",21.2647744360902
2019-09-18,"diesel",21.263045112782
2019-09-19,"diesel",21.2493984962406
2019-09-20,"diesel",21.2416165413534
2019-09-23,"diesel",21.2344736842105
2019-09-24,"diesel",21.2325563909774
2019-09-25,"diesel",21.2425939849624
2019-09-26,"diesel",21.2505263157895
2019-09-30,"diesel",21.2565789473684
2019-10-01,"diesel",21.2572932330827
2019-10-02,"diesel",21.256954887218
2019-10-03,"diesel",21.2501503759398
2019-10-04,"diesel",21.2457518796992
2019-10-07,"diesel",21.2301872659176
2019-10-08,"diesel",21.2296616541353
2019-10-09,"diesel",21.2190977443609
2019-10-21,"diesel",21.2004887218045
2019-10-30,"diesel",21.1804887218045
2019-11-01,"diesel",21.1787218045113
2019-11-04,"diesel",21.1747744360902
2019-11-05,"diesel",21.1754511278195
2019-11-06,"diesel",21.1717293233083
2019-11-07,"diesel",21.165037593985
2019-11-11,"diesel",21.1647744360902
2019-11-13,"diesel",21.1659550561798
2019-11-14,"diesel",21.1678651685393
2019-11-19,"diesel",21.1725842696629
2019-11-20,"diesel",21.1736329588015
2019-11-26,"diesel",21.1887686567164
2019-11-27,"diesel",21.195671641791
2019-11-28,"diesel",21.1968656716418
2019-11-29,"diesel",21.2144402985075
2019-12-02,"diesel",21.2353731343284
2019-12-03,"diesel",21.235223880597
2019-12-04,"diesel",21.2448880597015
2019-12-05,"diesel",21.2473880597015
2019-12-09,"diesel",21.245671641791
2019-12-11,"diesel",21.2323507462687
2019-12-12,"diesel",21.2280970149254
2019-12-13,"diesel",21.2216791044776
2019-12-16,"diesel",21.2173507462687
2019-12-17,"diesel",21.2169029850746
2019-12-18,"diesel",21.2166791044776
2019-12-19,"diesel",21.2163805970149
2019-12-20,"diesel",21.2197388059701
2020-01-08,"diesel",21.2825650557621
2020-01-09,"diesel",21.2769144981413
2020-01-10,"diesel",21.2792936802974
2020-01-13,"diesel",21.2698884758364
2020-01-14,"diesel",21.2704089219331
2020-01-15,"diesel",21.2717100371747
2020-01-16,"diesel",21.2659107806691
2020-01-17,"diesel",21.258624535316
2020-01-20,"diesel",21.2562453531599
2020-01-21,"diesel",21.2628252788104
2020-01-22,"diesel",21.2777695167286
2020-01-23,"diesel",21.2818959107807
2020-01-24,"diesel",21.2823791821561
2020-01-27,"diesel",21.3403345724907
2020-01-28,"diesel",21.3436059479554
2020-01-30,"diesel",21.2648327137546
2020-01-31,"diesel",21.254907063197
2020-02-04,"diesel",21.2122304832714
2020-02-05,"diesel",21.204126394052
2020-02-10,"diesel",21.1157249070632
2020-02-11,"diesel",21.1130483271375
2020-02-13,"diesel",21.1002973977695
2020-02-17,"diesel",21.0855762081784
2020-02-18,"diesel",21.0858148148148
2020-02-19,"diesel",21.0828518518519
2020-02-20,"diesel",21.0857777777778
2020-02-21,"diesel",21.0791111111111
2020-02-24,"diesel",21.0693333333333
2020-02-25,"diesel",21.0707777777778
2020-02-26,"diesel",21.0767777777778
2020-02-27,"diesel",21.0744444444444
2020-02-28,"diesel",21.0553703703704
2020-03-02,"diesel",20.9810740740741
2020-03-03,"diesel",20.9894444444444
2020-03-04,"diesel",20.9800740740741
2020-03-05,"diesel",20.9714814814815
2020-03-06,"diesel",20.9721111111111
2020-03-09,"diesel",20.9494074074074
2020-03-10,"diesel",20.9464444444444
2020-03-11,"diesel",20.9202962962963
2020-03-12,"diesel",20.8518888888889
2020-03-13,"diesel",20.7790740740741
2020-03-17,"diesel",20.5301111111111
2020-03-18,"diesel",20.4625555555556
2020-03-19,"diesel",20.2543703703704
2020-03-20,"diesel",20.0912274368231
2020-03-21,"diesel",19.6965342960289
2020-03-22,"diesel",19.6991851851852
2020-03-23,"diesel",19.6639259259259
2020-03-24,"diesel",19.6010740740741
2020-03-25,"diesel",19.5359259259259
2020-03-26,"diesel",19.4823333333333
2020-03-27,"diesel",19.4734444444444
2020-03-28,"diesel",19.4768888888889
2020-03-29,"diesel",19.4406296296296
2020-03-30,"diesel",19.420962962963
2020-03-31,"diesel",19.3888148148148
2020-04-01,"diesel",19.3266296296296
2020-04-02,"diesel",19.2929259259259
2020-04-03,"diesel",19.2703703703704
2020-04-04,"diesel",19.2353703703704
2020-04-05,"diesel",19.2185555555556
2020-04-06,"diesel",19.2182962962963
2020-04-07,"diesel",19.2054074074074
2020-04-08,"diesel",19.2152592592593
2020-04-09,"diesel",19.2384444444444
2020-04-10,"diesel",19.1983333333333
2020-04-11,"diesel",19.1931111111111
2020-04-12,"diesel",19.1857777777778
2020-04-13,"diesel",19.1813333333333
2020-04-14,"diesel",19.1735925925926
2020-04-15,"diesel",19.1610740740741
2020-04-16,"diesel",19.1448148148148
2020-04-17,"diesel",19.1235793357934
2020-04-18,"diesel",19.0919557195572
2020-04-19,"diesel",19.080036900369
2020-04-20,"diesel",19.08
2020-04-21,"diesel",19.0744649446494
2020-04-22,"diesel",19.0725830258303
2020-04-23,"diesel",19.050147601476
2020-04-24,"diesel",18.9981180811808
2020-04-25,"diesel",18.8959409594096
2020-04-26,"diesel",18.8572324723247
2020-04-27,"diesel",18.8352398523985
2020-04-28,"diesel",18.8120295202952
2020-04-29,"diesel",18.7453505535055
2020-04-30,"diesel",18.659963099631
2020-05-01,"diesel",18.6053136531365
2020-05-02,"diesel",18.5677859778598
2020-05-03,"diesel",18.5290405904059
2020-05-04,"diesel",18.5282287822878
2020-05-05,"diesel",18.5264206642066
2020-05-06,"diesel",18.5409594095941
2020-05-07,"diesel",18.5084501845018
2020-05-08,"diesel",18.5129151291513
2020-05-09,"diesel",18.5377121771218
2020-05-10,"diesel",18.5031734317343
2020-05-11,"diesel",18.5054612546125
2020-05-12,"diesel",18.5020295202952
2020-05-13,"diesel",18.4909963099631
2020-05-14,"diesel",18.4977121771218
2020-05-15,"diesel",18.5049077490775
2020-05-16,"diesel",18.470036900369
2020-05-17,"diesel",18.4692619926199
2020-05-18,"diesel",18.4581918819188
2020-05-19,"diesel",18.4372324723247
2020-05-20,"diesel",18.4787453874539
2020-05-21,"diesel",18.5386346863469
2020-05-22,"diesel",18.6217712177122
2020-05-23,"diesel",18.6340590405904
2020-05-24,"diesel",18.6416974169742
2020-05-25,"diesel",18.6456457564576
2020-05-26,"diesel",18.6530258302583
2020-05-27,"diesel",18.6535055350554
2020-05-28,"diesel",18.6468634686347
2020-05-29,"diesel",18.6368634686347
2020-05-30,"diesel",18.6217343173432
2020-05-31,"diesel",18.5932472324723
2020-06-01,"diesel",18.5812915129151
2020-06-02,"diesel",18.580221402214
2020-06-03,"diesel",18.5623985239852
2020-06-04,"diesel",18.5735793357934
2020-06-05,"diesel",18.5888929889299
2020-06-06,"diesel",18.5946494464945
2020-06-07,"diesel",18.5948708487085
2020-06-08,"diesel",18.5951660516605
2020-06-09,"diesel",18.5994095940959
2020-06-10,"diesel",18.639926199262
2020-06-11,"diesel",18.6840221402214
2020-06-12,"diesel",18.7127675276753
2020-06-13,"diesel",18.7391881918819
2020-06-14,"diesel",18.7442804428044
2020-06-15,"diesel",18.7480442804428
2020-06-16,"diesel",18.7488560885609
2020-06-17,"diesel",18.7560147601476
2020-06-18,"diesel",18.7777121771218
2020-06-19,"diesel",18.8239114391144
2020-06-20,"diesel",18.8765313653137
2020-06-21,"diesel",18.9808487084871
2020-06-22,"diesel",18.9992619926199
2020-06-23,"diesel",19.0332841328413
2020-06-24,"diesel",19.1163468634686
2020-06-25,"diesel",19.1671217712177
2020-06-26,"diesel",19.2159409594096
2020-06-27,"diesel",19.2364206642066
2020-06-28,"diesel",19.2365682656827
2020-06-29,"diesel",19.2410332103321
2020-06-30,"diesel",19.2566789667897
2020-07-01,"diesel",19.2538376383764
2020-07-02,"diesel",19.2811070110701
2020-07-03,"diesel",19.3233579335793
2020-07-04,"diesel",19.3670479704797
2020-07-05,"diesel",19.3950184501845
2020-07-06,"diesel",19.4017343173432
2020-07-07,"diesel",19.4145756457565
2020-07-08,"diesel",19.4464944649446
2020-07-09,"diesel",19.4680442804428
2020-07-10,"diesel",19.499852398524
2020-07-11,"diesel",19.5387822878229
2020-07-12,"diesel",19.5761623616236
2020-07-13,"diesel",19.5833579335793
2020-07-14,"diesel",19.5890405904059
2020-07-15,"diesel",19.6133579335793
2020-07-16,"diesel",19.6243173431734
2020-07-17,"diesel",19.6276383763838
2020-07-18,"diesel",19.6449446494465
2020-07-19,"diesel",19.6453505535055
2020-07-20,"diesel",19.6425461254613
2020-07-21,"diesel",19.6439114391144
2020-07-22,"diesel",19.6373800738007
2020-07-23,"diesel",19.6545756457565
2020-07-24,"diesel",19.6740590405904
2020-07-25,"diesel",19.6812915129151
2020-07-26,"diesel",19.6885977859779
2020-07-27,"diesel",19.689520295203
2020-07-28,"diesel",19.6994833948339
2020-07-29,"diesel",19.6987453874539
2020-07-30,"diesel",19.6984870848708
2020-07-31,"diesel",19.6774169741697
2020-08-01,"diesel",19.6766789667897
2020-08-02,"diesel",19.6673062730627
2020-08-03,"diesel",19.6682656826568
2020-08-04,"diesel",19.6647601476015
2020-08-05,"diesel",19.6560516605166
2020-08-06,"diesel",19.6487453874539
2020-08-07,"diesel",19.660110701107
2020-08-08,"diesel",19.6494095940959
2020-08-09,"diesel",19.6550184501845
2020-08-10,"diesel",19.6535424354244
2020-08-11,"diesel",19.6530627306273
2020-08-12,"diesel",19.6490036900369
2020-08-13,"diesel",19.6424723247232
2020-08-14,"diesel",19.6418081180812
2020-08-15,"diesel",19.6409594095941
2020-08-16,"diesel",19.6461254612546
2020-08-17,"diesel",19.6421771217712
2020-08-18,"diesel",19.6390036900369
2020-08-19,"diesel",19.6311070110701
2020-08-20,"diesel",19.6378597785978
2020-08-21,"diesel",19.6434686346863
2020-08-22,"diesel",19.6508487084871
2020-08-23,"diesel",19.6542804428044
2020-08-24,"diesel",19.6509963099631
2020-08-25,"diesel",19.6535424354244
2020-08-26,"diesel",19.650110701107
2020-08-27,"diesel",19.6565313653137
2020-08-28,"diesel",19.6685608856089
2020-08-29,"diesel",19.6685239852399
2020-08-30,"diesel",19.6511439114391
2020-08-31,"diesel",19.6426568265683
2020-09-01,"diesel",19.6527675276753
2020-09-02,"diesel",19.6415129151292
2020-09-03,"diesel",19.6344280442804
2020-09-04,"diesel",19.6209594095941
2020-09-05,"diesel",19.6180811808118
2020-09-06,"diesel",19.5923985239852
2020-09-07,"diesel",19.5853874538745
2020-09-08,"diesel",19.5869372693727
2020-09-09,"diesel",19.5705904059041
2020-09-10,"diesel",19.5540221402214
2020-09-11,"diesel",19.5206273062731
2020-09-12,"diesel",19.4892250922509
2020-09-13,"diesel",19.4326102941176
2020-09-14,"diesel",19.4186764705882
2020-09-15,"diesel",19.3969485294118
2020-09-16,"diesel",19.3597794117647
2020-09-17,"diesel",19.3277941176471
2020-09-18,"diesel",19.3180514705882
2020-09-19,"diesel",19.2960294117647
2020-09-20,"diesel",19.2720220588235
2020-09-21,"diesel",19.2698897058824
2020-09-22,"diesel",19.2641176470588
2020-09-23,"diesel",19.1532600732601
2020-09-24,"diesel",19.2270220588235
2020-09-25,"diesel",19.2080882352941
2020-09-26,"diesel",19.1898161764706
2020-09-27,"diesel",19.1832352941176
2020-09-28,"diesel",19.1840441176471
2020-09-29,"diesel",19.1736397058824
2020-09-30,"diesel",19.1822794117647
2020-10-01,"diesel",19.1887867647059
2020-10-02,"diesel",19.1950735294118
2020-10-03,"diesel",19.1836764705882
2020-10-04,"diesel",19.1738235294118
2020-10-05,"diesel",19.1719117647059
2020-10-06,"diesel",19.1646691176471
2020-10-07,"diesel",19.1433455882353
2020-10-08,"diesel",19.1181985294118
2020-10-09,"diesel",19.1133455882353
2020-10-10,"diesel",19.1030514705882
2020-10-11,"diesel",19.1030514705882
2020-10-12,"diesel",19.1053308823529
2020-10-13,"diesel",19.1041544117647
2020-10-14,"diesel",19.0868014705882
2020-10-15,"diesel",19.0779779411765
2020-10-16,"diesel",19.0752205882353
2020-10-17,"diesel",19.0624632352941
2020-10-18,"diesel",19.0529779411765
2020-10-19,"diesel",19.050625
2020-10-20,"diesel",19.0458455882353
2020-10-21,"diesel",19.0360294117647
2020-10-22,"diesel",19.0194485294118
2020-10-23,"diesel",18.986875
2020-10-24,"diesel",18.9611764705882
2020-10-25,"diesel",18.9365441176471
2020-10-26,"diesel",18.9329779411765
2020-10-27,"diesel",18.9287132352941
2020-10-28,"diesel",18.8804044117647
2020-10-29,"diesel",18.8372794117647
2020-10-30,"diesel",18.8075
2020-10-31,"diesel",18.7713235294118
2020-11-01,"diesel",18.7434191176471
2020-11-02,"diesel",18.7410294117647
2020-11-03,"diesel",18.7274264705882
2020-11-04,"diesel",18.7152941176471
2020-11-05,"diesel",18.6879411764706
2020-11-06,"diesel",18.6675735294118
2020-11-07,"diesel",18.6535294117647
2020-11-08,"diesel",18.6490808823529
2020-11-09,"diesel",18.646875
2020-11-10,"diesel",18.6456985294118
2020-11-11,"diesel",18.6344485294118
2020-11-12,"diesel",18.6278308823529
2020-11-13,"diesel",18.6392279411765
2020-11-14,"diesel",18.6500735294118
2020-11-15,"diesel",18.64875
2020-11-16,"diesel",18.6480147058824
2020-11-17,"diesel",18.6516176470588
2020-11-18,"diesel",18.6484926470588
2020-11-19,"diesel",18.6352573529412
2020-11-20,"diesel",18.6354779411765
2020-11-21,"diesel",18.6401838235294
2020-11-22,"diesel",18.6415441176471
2020-11-23,"diesel",18.6410294117647
2020-11-24,"diesel",18.6434191176471
2020-11-25,"diesel",18.6545588235294
2020-11-26,"diesel",18.6534558823529
2020-11-27,"diesel",18.6767647058824
2020-11-28,"diesel",18.7154779411765
2020-11-29,"diesel",18.7566544117647
2020-11-30,"diesel",18.7626838235294
2020-12-01,"diesel",18.7686764705882
2020-12-02,"diesel",18.8072058823529
2020-12-03,"diesel",18.8392647058824
2020-12-04,"diesel",18.8465073529412
2020-12-05,"diesel",18.8408823529412
2020-12-06,"diesel",18.8433455882353
2020-12-07,"diesel",18.8444485294118
2020-12-08,"diesel",18.8433579335793
2020-12-09,"diesel",18.8462730627306
2020-12-10,"diesel",18.850147601476
2020-12-11,"diesel",18.8526568265683
2020-12-12,"diesel",18.8560147601476
2020-12-13,"diesel",18.8663837638376
2020-12-14,"diesel",18.860442804428
2020-12-15,"diesel",18.8673431734317
2020-12-16,"diesel",18.9036531365314
2020-12-18,"diesel",18.9463099630996
2020-12-19,"diesel",18.9688560885609
2020-12-20,"diesel",19.0055719557196
2020-12-21,"diesel",19.0226937269373
2020-12-22,"diesel",19.0340221402214
2020-12-23,"diesel",19.0792250922509
2020-12-24,"diesel",19.1052767527675
2020-12-25,"diesel",19.1065682656827
2020-12-26,"diesel",19.1140221402214
2020-12-27,"diesel",19.1205166051661
2020-12-28,"diesel",19.120295202952
2020-12-29,"diesel",19.1235055350554
2020-12-30,"diesel",19.1316236162362
2020-12-31,"diesel",19.1352398523985
2021-01-01,"diesel",19.1416236162362
2021-01-02,"diesel",19.1649815498155
2021-01-03,"diesel",19.1867527675277
2021-01-04,"diesel",19.1922878228782
2021-01-05,"diesel",19.1980442804428
2021-01-06,"diesel",19.2353874538745
2021-01-07,"diesel",19.2474538745387
2021-01-08,"diesel",19.3055719557196
2021-01-09,"diesel",19.3510332103321
2021-01-10,"diesel",19.3857195571956
2021-01-11,"diesel",19.4007011070111
2021-01-12,"diesel",19.4171955719557
2021-01-13,"diesel",19.5136162361624
2021-01-14,"diesel",19.5642066420664
2021-01-15,"diesel",19.6106642066421
2021-01-16,"diesel",19.6570848708487
2021-01-17,"diesel",19.6748339483395
2021-01-18,"diesel",19.6764575645756
2021-01-19,"diesel",19.6844280442804
2021-01-20,"diesel",19.6970848708487
2021-01-21,"diesel",19.7230996309963
2021-01-22,"diesel",19.7061623616236
2021-01-23,"diesel",19.7106273062731
2021-01-24,"diesel",19.7130996309963
2021-01-25,"diesel",19.7129520295203
2021-01-26,"diesel",19.7148708487085
2021-01-27,"diesel",19.7373431734317
2021-01-28,"diesel",19.7548339483395
2021-01-29,"diesel",19.7791512915129
2021-01-30,"diesel",19.8047970479705
2021-01-31,"diesel",19.8259040590406
2021-02-01,"diesel",19.8315498154982
2021-02-02,"diesel",19.8465799256506
2021-02-03,"diesel",19.8542750929368
2021-02-04,"diesel",19.8691078066914
2021-02-05,"diesel",19.913531598513
2021-02-06,"diesel",19.9697769516729
2021-02-07,"diesel",20.0389219330855
2021-02-08,"diesel",20.0467286245353
2021-02-09,"diesel",20.0856133828996
2021-02-10,"diesel",20.1317100371747
2021-02-11,"diesel",20.1498518518519
2021-02-12,"diesel",20.1738518518519
2021-02-13,"diesel",20.2068518518519
2021-02-14,"diesel",20.2204074074074
2021-02-15,"diesel",20.224
2021-02-16,"diesel",20.2311481481481
2021-02-17,"diesel",20.2644074074074
2021-02-18,"diesel",20.2806666666667
2021-02-19,"diesel",20.346
2021-02-20,"diesel",20.4257037037037
2021-02-21,"diesel",20.502037037037
2021-02-22,"diesel",20.5240740740741
2021-02-23,"diesel",20.559
2021-02-24,"diesel",20.608
2021-02-25,"diesel",20.658037037037
2021-02-26,"diesel",20.6938888888889
2021-02-27,"diesel",20.7239259259259
2021-02-28,"diesel",20.7651111111111
2021-03-01,"diesel",20.7730740740741
2021-03-02,"diesel",20.815962962963
2021-03-03,"diesel",20.8717777777778
2021-03-04,"diesel",20.9434444444444
2021-03-05,"diesel",20.9878518518519
2021-03-06,"diesel",21.0108518518519
2021-03-07,"diesel",21.032037037037
2021-03-08,"diesel",21.0387037037037
2021-03-09,"diesel",21.0614074074074
2021-03-10,"diesel",21.1018888888889
2021-03-11,"diesel",21.1425185185185
2021-03-12,"diesel",21.193962962963
2021-03-13,"diesel",21.2144814814815
2021-03-14,"diesel",21.2492222222222
2021-03-15,"diesel",21.2526666666667
2021-03-16,"diesel",21.2514814814815
2021-03-17,"diesel",21.2604814814815
2021-03-18,"diesel",21.2641851851852
2021-03-19,"diesel",21.282037037037
2021-03-21,"diesel",21.3074074074074
2021-03-22,"diesel",21.3088888888889
2021-03-23,"diesel",21.3042962962963
2021-03-24,"diesel",21.2727407407407
2021-03-25,"diesel",21.2677407407407
2021-03-26,"diesel",21.2475925925926
2021-03-27,"diesel",21.2538148148148
2021-03-28,"diesel",21.2498148148148
2021-03-29,"diesel",21.2518518518519
2021-03-30,"diesel",21.2544444444444
2021-03-31,"diesel",21.2591111111111
2021-04-01,"diesel",21.2687777777778
2021-04-02,"diesel",21.2718518518519
2021-04-03,"diesel",21.2737037037037
2021-04-05,"diesel",21.2724814814815
2021-04-06,"diesel",21.2758148148148
2021-04-07,"diesel",21.2765185185185
2021-04-08,"diesel",21.2804814814815
2021-04-09,"diesel",21.2827037037037
2021-04-10,"diesel",21.2782962962963
2021-04-11,"diesel",21.2703703703704
2021-04-12,"diesel",21.2714444444444
2021-04-13,"diesel",21.2738148148148
2021-04-14,"diesel",21.2725185185185
2021-04-15,"diesel",21.2754814814815
2021-04-16,"diesel",21.2806296296296
2021-04-17,"diesel",21.2908518518519
2021-04-18,"diesel",21.3164074074074
2021-04-19,"diesel",21.3167777777778
2021-04-20,"diesel",21.3274074074074
2021-04-21,"diesel",21.3484074074074
2021-04-22,"diesel",21.357037037037
2021-04-23,"diesel",21.3592222222222
2021-04-24,"diesel",21.3574074074074
2021-04-25,"diesel",21.3512962962963
2021-04-26,"diesel",21.3517407407407
2021-04-27,"diesel",21.3497777777778
2021-04-28,"diesel",21.3471851851852
2021-04-29,"diesel",21.3441481481481
2021-04-30,"diesel",21.348037037037
2021-05-01,"diesel",21.3560740740741
2021-05-02,"diesel",21.3513333333333
2021-05-03,"diesel",21.3525555555556
2021-05-04,"diesel",21.3552592592593
2021-05-05,"diesel",21.364037037037
2021-05-06,"diesel",21.3687037037037
2021-05-07,"diesel",21.3741111111111
2021-05-08,"diesel",21.3737777777778
2021-05-09,"diesel",21.374962962963
2021-05-10,"diesel",21.3768518518519
2021-05-11,"diesel",21.3846296296296
2021-05-12,"diesel",21.390962962963
2021-05-13,"diesel",21.3973333333333
2021-05-14,"diesel",21.396037037037
2021-05-15,"diesel",21.3981851851852
2021-05-16,"diesel",21.397962962963
2021-05-17,"diesel",21.3955555555556
2021-05-18,"diesel",21.3996296296296
2021-05-19,"diesel",21.4001111111111
2021-05-20,"diesel",21.3976296296296
2021-05-21,"diesel",21.3946296296296
2021-05-22,"diesel",21.3958888888889
2021-05-23,"diesel",21.3966666666667
2021-05-24,"diesel",21.3913703703704
2019-05-03,"premium",21.7512807881773
2019-05-06,"premium",21.7482019704434
2019-05-07,"premium",21.7635714285714
2019-05-08,"premium",21.7665679012346
2019-05-09,"premium",21.7667901234568
2019-05-10,"premium",21.7615802469136
2019-05-13,"premium",21.7593333333333
2019-05-14,"premium",21.7588148148148
2019-05-15,"premium",21.7591111111111
2019-05-16,"premium",21.7577037037037
2019-05-17,"premium",21.7568395061728
2019-05-20,"premium",21.7670617283951
2019-05-21,"premium",21.7661330049261
2019-05-22,"premium",21.7620443349754
2019-05-23,"premium",21.7632266009852
2019-05-24,"premium",21.7703448275862
2019-05-27,"premium",21.7702955665025
2019-05-28,"premium",21.7702955665025
2019-05-29,"premium",21.7707389162562
2019-05-30,"premium",21.7671921182266
2019-05-31,"premium",21.7644088669951
2019-06-03,"premium",21.7596798029557
2019-06-04,"premium",21.7573464373464
2019-06-05,"premium",21.7566339066339
2019-06-06,"premium",21.7558292682927
2019-06-07,"premium",21.7560731707317
2019-06-10,"premium",21.7532195121951
2019-06-11,"premium",21.7531463414634
2019-06-12,"premium",21.7526341463415
2019-06-13,"premium",21.7538536585366
2019-06-14,"premium",21.7512165450122
2019-06-17,"premium",21.7512378640777
2019-06-18,"premium",21.7535351089588
2019-06-19,"premium",21.7465375302663
2019-06-20,"premium",21.7480917874396
2019-06-21,"premium",21.7452173913043
2019-06-24,"premium",21.7410120481928
2019-06-25,"premium",21.7415421686747
2019-06-26,"premium",21.7437108433735
2019-06-27,"premium",21.7468192771084
2019-06-28,"premium",21.7512530120482
2019-07-01,"premium",21.7528915662651
2019-07-02,"premium",21.7528915662651
2019-07-04,"premium",21.7550361445783
2019-07-05,"premium",21.753156626506
2019-07-08,"premium",21.7539036144578
2019-07-09,"premium",21.7534939759036
2019-07-10,"premium",21.7527710843374
2019-07-11,"premium",21.7520963855422
2019-07-12,"premium",21.7532771084337
2019-07-15,"premium",21.7537831325301
2019-07-16,"premium",21.7519518072289
2019-07-17,"premium",21.7509638554217
2019-07-18,"premium",21.7530361445783
2019-07-19,"premium",21.7546024096386
2019-07-22,"premium",21.7500721153846
2019-07-23,"premium",21.7525659472422
2019-07-24,"premium",21.7525179856115
2019-07-25,"premium",21.7558752997602
2019-07-26,"premium",21.7581774580336
2019-07-29,"premium",21.764964028777
2019-07-30,"premium",21.7659855769231
2019-07-31,"premium",21.7651682692308
2019-08-01,"premium",21.7656730769231
2019-08-02,"premium",21.7658894230769
2019-08-05,"premium",21.7588277511962
2019-08-06,"premium",21.7596172248804
2019-08-07,"premium",21.7581100478469
2019-08-08,"premium",21.7587112171838
2019-08-09,"premium",21.7577326968974
2019-08-12,"premium",21.7562052505967
2019-08-13,"premium",21.7585441527446
2019-08-14,"premium",21.7616706443914
2019-08-15,"premium",21.7642959427208
2019-08-16,"premium",21.7640572792363
2019-08-19,"premium",21.7598568019093
2019-08-20,"premium",21.7600477326969
2019-08-21,"premium",21.7603102625298
2019-08-22,"premium",21.7618854415274
2019-08-23,"premium",21.763937947494
2019-08-27,"premium",21.7585680190931
2019-08-28,"premium",21.7566825775656
2019-08-29,"premium",21.756491646778
2019-08-30,"premium",21.7610023866348
2019-09-02,"premium",21.7522434367542
2019-09-03,"premium",21.7529832935561
2019-09-04,"premium",21.7496897374702
2019-09-05,"premium",21.7530787589499
2019-09-06,"premium",21.7525775656325
2019-09-09,"premium",21.754630071599
2019-09-10,"premium",21.7548448687351
2019-09-11,"premium",21.7582338902148
2019-09-12,"premium",21.7590453460621
2019-09-13,"premium",21.7610238095238
2019-09-17,"premium",21.7645
2019-09-18,"premium",21.7649285714286
2019-09-19,"premium",21.7625714285714
2019-09-20,"premium",21.7611666666667
2019-09-23,"premium",21.7569523809524
2019-09-24,"premium",21.7548571428571
2019-09-25,"premium",21.7546428571429
2019-09-26,"premium",21.7541428571429
2019-09-30,"premium",21.7575476190476
2019-10-01,"premium",21.7576666666667
2019-10-02,"premium",21.7565476190476
2019-10-03,"premium",21.7657142857143
2019-10-04,"premium",21.7665238095238
2019-10-07,"premium",21.7660570071259
2019-10-08,"premium",21.7664761904762
2019-10-09,"premium",21.7681666666667
2019-10-21,"premium",21.7664845605701
2019-10-30,"premium",21.7758432304038
2019-11-01,"premium",21.7737767220903
2019-11-04,"premium",21.7752256532067
2019-11-05,"premium",21.7758194774347
2019-11-06,"premium",21.7755344418052
2019-11-07,"premium",21.7708313539192
2019-11-11,"premium",21.7638717339667
2019-11-13,"premium",21.7641469194313
2019-11-14,"premium",21.7631753554502
2019-11-19,"premium",21.7578436018957
2019-11-20,"premium",21.7538625592417
2019-11-26,"premium",21.7713443396226
2019-11-27,"premium",21.7774528301887
2019-11-28,"premium",21.7868632075472
2019-11-29,"premium",21.8057547169811
2019-12-02,"premium",21.8246572104019
2019-12-03,"premium",21.8293617021277
2019-12-04,"premium",21.8330023640662
2019-12-05,"premium",21.8352482269504
2019-12-09,"premium",21.8182033096927
2019-12-11,"premium",21.8337352245863
2019-12-12,"premium",21.8261938534279
2019-12-13,"premium",21.8196453900709
2019-12-16,"premium",21.7981560283688
2019-12-17,"premium",21.8010874704492
2019-12-18,"premium",21.7827186761229
2019-12-19,"premium",21.7763593380615
2019-12-20,"premium",21.7729078014184
2020-01-08,"premium",21.8802122641509
2020-01-09,"premium",21.8764622641509
2020-01-10,"premium",21.8779952830189
2020-01-13,"premium",21.8605188679245
2020-01-14,"premium",21.8626886792453
2020-01-15,"premium",21.8603301886792
2020-01-16,"premium",21.8449764150943
2020-01-17,"premium",21.839858490566
2020-01-20,"premium",21.8138443396226
2020-01-21,"premium",21.8184669811321
2020-01-22,"premium",21.8169339622642
2020-01-23,"premium",21.8125943396226
2020-01-24,"premium",21.815141509434
2020-01-27,"premium",21.8022641509434
2020-01-28,"premium",21.8043396226415
2020-01-30,"premium",21.7789386792453
2020-01-31,"premium",21.7627594339623
2020-02-04,"premium",21.7120941176471
2020-02-05,"premium",21.6903529411765
2020-02-10,"premium",21.5820892018779
2020-02-11,"premium",21.5758823529412
2020-02-13,"premium",21.5651294117647
2020-02-17,"premium",21.558
2020-02-18,"premium",21.5692018779343
2020-02-19,"premium",21.5681220657277
2020-02-20,"premium",21.5655399061033
2020-02-21,"premium",21.5645539906103
2020-02-24,"premium",21.6103990610329
2020-02-25,"premium",21.6195305164319
2020-02-26,"premium",21.6332629107981
2020-02-27,"premium",21.6378169014084
2020-02-28,"premium",21.625985915493
2020-03-02,"premium",21.5404694835681
2020-03-03,"premium",21.5475117370892
2020-03-04,"premium",21.5257981220657
2020-03-05,"premium",21.5183333333333
2020-03-06,"premium",21.5174882629108
2020-03-09,"premium",21.501338028169
2020-03-10,"premium",21.5053286384977
2020-03-11,"premium",21.4794835680751
2020-03-12,"premium",21.3879812206573
2020-03-13,"premium",21.2923004694836
2020-03-17,"premium",20.9058215962441
2020-03-18,"premium",20.81779342723
2020-03-19,"premium",20.4605868544601
2020-03-20,"premium",20.2076923076923
2020-03-21,"premium",19.2513800904977
2020-03-22,"premium",19.2357511737089
2020-03-23,"premium",19.1649765258216
2020-03-24,"premium",19.0315023474178
2020-03-25,"premium",18.7803755868545
2020-03-26,"premium",18.3436384976526
2020-03-27,"premium",18.2230985915493
2020-03-28,"premium",18.1323474178404
2020-03-29,"premium",17.976455399061
2020-03-30,"premium",17.932676056338
2020-03-31,"premium",17.851103286385
2020-04-01,"premium",17.6800938967136
2020-04-02,"premium",17.6058685446009
2020-04-03,"premium",17.5230516431925
2020-04-04,"premium",17.4363849765258
2020-04-05,"premium",17.3730046948357
2020-04-06,"premium",17.3719014084507
2020-04-07,"premium",17.3530516431925
2020-04-08,"premium",17.345234741784
2020-04-09,"premium",17.3302582159624
2020-04-10,"premium",17.2881924882629
2020-04-11,"premium",17.2667136150235
2020-04-12,"premium",17.2444600938967
2020-04-13,"premium",17.2409624413146
2020-04-14,"premium",17.2290845070423
2020-04-15,"premium",17.1957276995305
2020-04-16,"premium",17.1792488262911
2020-04-17,"premium",17.1589461358314
2020-04-18,"premium",17.1470960187354
2020-04-19,"premium",17.1390866510539
2020-04-20,"premium",17.1388056206089
2020-04-21,"premium",17.1244730679157
2020-04-22,"premium",17.1025058548009
2020-04-23,"premium",17.085925058548
2020-04-24,"premium",17.0289461358314
2020-04-25,"premium",16.9768384074941
2020-04-26,"premium",16.9803981264637
2020-04-27,"premium",16.9694379391101
2020-04-28,"premium",16.9619906323185
2020-04-29,"premium",16.936206088993
2020-04-30,"premium",16.9351053864169
2020-05-01,"premium",16.9168618266979
2020-05-02,"premium",16.9205620608899
2020-05-03,"premium",16.9493911007026
2020-05-04,"premium",16.9580093676815
2020-05-05,"premium",16.9614519906323
2020-05-06,"premium",16.9772365339578
2020-05-07,"premium",17.0513817330211
2020-05-08,"premium",17.2148009367681
2020-05-09,"premium",17.3751288056206
2020-05-10,"premium",17.498056206089
2020-05-11,"premium",17.5171896955503
2020-05-12,"premium",17.5800702576112
2020-05-13,"premium",17.683793911007
2020-05-14,"premium",17.7584309133489
2020-05-15,"premium",17.7911241217799
2020-05-16,"premium",17.7936533957845
2020-05-17,"premium",17.8229039812646
2020-05-18,"premium",17.8244730679157
2020-05-19,"premium",17.840093676815
2020-05-20,"premium",17.90037470726
2020-05-21,"premium",17.9932084309133
2020-05-22,"premium",18.1224355971897
2020-05-23,"premium",18.218243559719
2020-05-24,"premium",18.2729742388759
2020-05-25,"premium",18.2786651053864
2020-05-26,"premium",18.2825526932084
2020-05-27,"premium",18.3036299765808
2020-05-28,"premium",18.3190632318501
2020-05-29,"premium",18.3278220140515
2020-05-30,"premium",18.3233723653396
2020-05-31,"premium",18.3306557377049
2020-06-01,"premium",18.3291803278689
2020-06-02,"premium",18.3352224824356
2020-06-03,"premium",18.3408665105386
2020-06-04,"premium",18.3496955503513
2020-06-05,"premium",18.3624590163934
2020-06-06,"premium",18.3727868852459
2020-06-07,"premium",18.3878220140515
2020-06-08,"premium",18.39018735363
2020-06-09,"premium",18.4011007025761
2020-06-10,"premium",18.4808899297424
2020-06-11,"premium",18.5408665105386
2020-06-12,"premium",18.5991334894614
2020-06-13,"premium",18.6461826697892
2020-06-14,"premium",18.6631615925059
2020-06-15,"premium",18.6679156908665
2020-06-16,"premium",18.6782669789227
2020-06-17,"premium",18.677868852459
2020-06-18,"premium",18.7085714285714
2020-06-19,"premium",18.7553395784543
2020-06-20,"premium",18.7968852459016
2020-06-21,"premium",18.9466978922717
2020-06-22,"premium",18.9684777517564
2020-06-23,"premium",19.0145433255269
2020-06-24,"premium",19.1368384074941
2020-06-25,"premium",19.2114754098361
2020-06-26,"premium",19.289718969555
2020-06-27,"premium",19.3328805620609
2020-06-28,"premium",19.3488758782201
2020-06-29,"premium",19.3523943661972
2020-06-30,"premium",19.3662441314554
2020-07-01,"premium",19.3594131455399
2020-07-02,"premium",19.3989201877934
2020-07-03,"premium",19.4406338028169
2020-07-04,"premium",19.4639436619718
2020-07-05,"premium",19.4975352112676
2020-07-06,"premium",19.5036384976526
2020-07-07,"premium",19.5252816901408
2020-07-08,"premium",19.5606572769953
2020-07-09,"premium",19.5779812206573
2020-07-10,"premium",19.6112910798122
2020-07-11,"premium",19.6591079812207
2020-07-12,"premium",19.6986384976526
2020-07-13,"premium",19.7020657276995
2020-07-14,"premium",19.7120892018779
2020-07-15,"premium",19.732323943662
2020-07-16,"premium",19.7493896713615
2020-07-17,"premium",19.7544131455399
2020-07-18,"premium",19.7715492957746
2020-07-19,"premium",19.7716197183099
2020-07-20,"premium",19.770985915493
2020-07-21,"premium",19.7708685446009
2020-07-22,"premium",19.748661971831
2020-07-23,"premium",19.7499765258216
2020-07-24,"premium",19.760985915493
2020-07-25,"premium",19.7668075117371
2020-07-26,"premium",19.7613849765258
2020-07-27,"premium",19.757558685446
2020-07-28,"premium",19.7583098591549
2020-07-29,"premium",19.7597887323944
2020-07-30,"premium",19.7528873239437
2020-07-31,"premium",19.7355633802817
2020-08-01,"premium",19.722323943662
2020-08-02,"premium",19.7033568075117
2020-08-03,"premium",19.6969953051643
2020-08-04,"premium",19.6914084507042
2020-08-05,"premium",19.662558685446
2020-08-06,"premium",19.6482629107981
2020-08-07,"premium",19.6448591549296
2020-08-08,"premium",19.6356807511737
2020-08-09,"premium",19.6172769953052
2020-08-10,"premium",19.6141079812207
2020-08-11,"premium",19.6134976525822
2020-08-12,"premium",19.5996948356808
2020-08-13,"premium",19.5891549295775
2020-08-14,"premium",19.5813849765258
2020-08-15,"premium",19.5752582159624
2020-08-16,"premium",19.5683802816901
2020-08-17,"premium",19.5652112676056
2020-08-18,"premium",19.5696713615023
2020-08-19,"premium",19.5666197183099
2020-08-20,"premium",19.567323943662
2020-08-21,"premium",19.5723708920188
2020-08-22,"premium",19.5761502347418
2020-08-23,"premium",19.5883568075117
2020-08-24,"premium",19.5839906103286
2020-08-25,"premium",19.5997417840376
2020-08-26,"premium",19.601103286385
2020-08-27,"premium",19.6538028169014
2020-08-28,"premium",19.7233098591549
2020-08-29,"premium",19.74720657277
2020-08-30,"premium",19.75220657277
2020-08-31,"premium",19.7513145539906
2020-09-01,"premium",19.754014084507
2020-09-02,"premium",19.7503990610329
2020-09-03,"premium",19.7331690140845
2020-09-04,"premium",19.7227230046948
2020-09-05,"premium",19.714882629108
2020-09-06,"premium",19.6999061032864
2020-09-07,"premium",19.6902816901408
2020-09-08,"premium",19.6888497652582
2020-09-09,"premium",19.6528169014084
2020-09-10,"premium",19.6371361502347
2020-09-11,"premium",19.6295070422535
2020-09-12,"premium",19.6019953051643
2020-09-13,"premium",19.5473536299766
2020-09-14,"premium",19.538337236534
2020-09-15,"premium",19.5236299765808
2020-09-16,"premium",19.4782903981265
2020-09-17,"premium",19.4405386416862
2020-09-18,"premium",19.4303512880562
2020-09-19,"premium",19.4003981264637
2020-09-20,"premium",19.3832786885246
2020-09-21,"premium",19.385925058548
2020-09-22,"premium",19.392037470726
2020-09-23,"premium",19.3986182669789
2020-09-24,"premium",19.3943793911007
2020-09-25,"premium",19.3884309133489
2020-09-26,"premium",19.3853395784543
2020-09-27,"premium",19.3850351288056
2020-09-28,"premium",19.3903044496487
2020-09-29,"premium",19.4120843091335
2020-09-30,"premium",19.463887587822
2020-10-01,"premium",19.5423653395785
2020-10-02,"premium",19.566112412178
2020-10-03,"premium",19.5460421545667
2020-10-04,"premium",19.5459953161592
2020-10-05,"premium",19.5480093676815
2020-10-06,"premium",19.5579391100703
2020-10-07,"premium",19.5305854800937
2020-10-08,"premium",19.5177283372365
2020-10-09,"premium",19.5237470725995
2020-10-10,"premium",19.5247072599532
2020-10-11,"premium",19.5253864168618
2020-10-12,"premium",19.5254332552693
2020-10-13,"premium",19.5348711943794
2020-10-14,"premium",19.5222716627635
2020-10-15,"premium",19.507868852459
2020-10-16,"premium",19.5009601873536
2020-10-17,"premium",19.4732318501171
2020-10-18,"premium",19.4509601873536
2020-10-19,"premium",19.4480796252927
2020-10-20,"premium",19.4569014084507
2020-10-21,"premium",19.4370657276995
2020-10-22,"premium",19.3882863849765
2020-10-23,"premium",19.3815492957746
2020-10-24,"premium",19.3381690140845
2020-10-25,"premium",19.3017605633803
2020-10-26,"premium",19.2942253521127
2020-10-27,"premium",19.2952816901408
2020-10-28,"premium",19.2520892018779
2020-10-29,"premium",19.1971830985915
2020-10-30,"premium",19.1586384976526
2020-10-31,"premium",19.0967370892019
2020-11-01,"premium",19.05279342723
2020-11-02,"premium",19.0480516431925
2020-11-03,"premium",19.0339906103286
2020-11-04,"premium",18.9758450704225
2020-11-05,"premium",18.9094131455399
2020-11-06,"premium",18.8732552693208
2020-11-07,"premium",18.8390866510539
2020-11-08,"premium",18.8066510538642
2020-11-09,"premium",18.7918266978923
2020-11-10,"premium",18.79018735363
2020-11-11,"premium",18.755644028103
2020-11-12,"premium",18.7368149882904
2020-11-13,"premium",18.733606557377
2020-11-14,"premium",18.7092974238876
2020-11-15,"premium",18.7088758782201
2020-11-16,"premium",18.702131147541
2020-11-17,"premium",18.7067447306792
2020-11-18,"premium",18.6966744730679
2020-11-19,"premium",18.6753629976581
2020-11-20,"premium",18.6664637002342
2020-11-21,"premium",18.6454332552693
2020-11-22,"premium",18.6301170960187
2020-11-23,"premium",18.6261358313817
2020-11-24,"premium",18.6243091334895
2020-11-25,"premium",18.6174707259953
2020-11-26,"premium",18.6180796252927
2020-11-27,"premium",18.6235362997658
2020-11-28,"premium",18.6355971896955
2020-11-29,"premium",18.6582669789227
2020-11-30,"premium",18.6628103044496
2020-12-01,"premium",18.6773770491803
2020-12-02,"premium",18.6933021077283
2020-12-03,"premium",18.7072599531616
2020-12-04,"premium",18.7083138173302
2020-12-05,"premium",18.6981030444965
2020-12-06,"premium",18.6933489461358
2020-12-07,"premium",18.695925058548
2020-12-08,"premium",18.7008196721311
2020-12-09,"premium",18.7011709601874
2020-12-10,"premium",18.701756440281
2020-12-11,"premium",18.6956674473068
2020-12-12,"premium",18.6907962529274
2020-12-13,"premium",18.706112412178
2020-12-14,"premium",18.7151522248244
2020-12-15,"premium",18.7338641686183
2020-12-16,"premium",18.7577985948478
2020-12-18,"premium",18.7913348946136
2020-12-19,"premium",18.8037236533958
2020-12-20,"premium",18.864355971897
2020-12-21,"premium",18.8790632318501
2020-12-22,"premium",18.9093208430913
2020-12-23,"premium",18.9600702576112
2020-12-24,"premium",18.9753629976581
2020-12-25,"premium",18.9862529274005
2020-12-26,"premium",18.9852459016393
2020-12-27,"premium",18.9888290398126
2020-12-28,"premium",18.9922950819672
2020-12-29,"premium",19.0078454332553
2020-12-30,"premium",19.027775175644
2020-12-31,"premium",19.0348946135831
2021-01-01,"premium",19.0405152224824
2021-01-02,"premium",19.0720608899297
2021-01-03,"premium",19.0924121779859
2021-01-04,"premium",19.0955737704918
2021-01-05,"premium",19.1173536299766
2021-01-06,"premium",19.1803981264637
2021-01-07,"premium",19.1973770491803
2021-01-08,"premium",19.2667213114754
2021-01-09,"premium",19.3410070257611
2021-01-10,"premium",19.4050585480094
2021-01-11,"premium",19.4304449648712
2021-01-12,"premium",19.4648009367681
2021-01-13,"premium",19.6080796252927
2021-01-14,"premium",19.7433489461358
2021-01-15,"premium",19.828149882904
2021-01-16,"premium",19.9078922716628
2021-01-17,"premium",19.9437236533958
2021-01-18,"premium",19.948243559719
2021-01-19,"premium",19.9743091334895
2021-01-20,"premium",20.0031147540984
2021-01-21,"premium",20.0237236533958
2021-01-22,"premium",20.0387353629977
2021-01-23,"premium",20.0522014051522
2021-01-24,"premium",20.0658782201405
2021-01-25,"premium",20.0690163934426
2021-01-26,"premium",20.0755503512881
2021-01-27,"premium",20.1006557377049
2021-01-28,"premium",20.1411943793911
2021-01-29,"premium",20.1826229508197
2021-01-30,"premium",20.2166042154567
2021-01-31,"premium",20.2402576112412
2021-02-01,"premium",20.2460889929742
2021-02-02,"premium",20.2508767772512
2021-02-03,"premium",20.2565402843602
2021-02-04,"premium",20.2904028436019
2021-02-05,"premium",20.3212796208531
2021-02-06,"premium",20.3628436018957
2021-02-07,"premium",20.3995497630332
2021-02-08,"premium",20.401990521327
2021-02-09,"premium",20.4246208530806
2021-02-10,"premium",20.4599052132701
2021-02-11,"premium",20.4699054373522
2021-02-12,"premium",20.5036170212766
2021-02-13,"premium",20.5293853427896
2021-02-14,"premium",20.548463356974
2021-02-15,"premium",20.5497872340426
2021-02-16,"premium",20.5575413711584
2021-02-17,"premium",20.5735460992908
2021-02-18,"premium",20.5806619385343
2021-02-19,"premium",20.6700472813239
2021-02-20,"premium",20.8254137115839
2021-02-21,"premium",20.9470921985816
2021-02-22,"premium",20.9756264775414
2021-02-23,"premium",21.0415602836879
2021-02-24,"premium",21.1777541371158
2021-02-25,"premium",21.3338770685579
2021-02-26,"premium",21.4746808510638
2021-02-27,"premium",21.5997163120567
2021-02-28,"premium",21.6615130023641
2021-03-01,"premium",21.6842789598109
2021-03-02,"premium",21.7308983451537
2021-03-03,"premium",21.8239007092199
2021-03-04,"premium",21.8947990543735
2021-03-05,"premium",21.9513002364066
2021-03-06,"premium",21.9736170212766
2021-03-07,"premium",22.0183215130024
2021-03-08,"premium",22.0272104018913
2021-03-09,"premium",22.0484160756501
2021-03-10,"premium",22.0934988179669
2021-03-11,"premium",22.1381796690307
2021-03-12,"premium",22.1928368794326
2021-03-13,"premium",22.2386052009456
2021-03-14,"premium",22.2681087470449
2021-03-15,"premium",22.2705910165485
2021-03-16,"premium",22.2724113475177
2021-03-17,"premium",22.2861229314421
2021-03-18,"premium",22.2985579196218
2021-03-19,"premium",22.3088888888889
2021-03-21,"premium",22.3208983451537
2021-03-22,"premium",22.3248463356974
2021-03-23,"premium",22.3288888888889
2021-03-24,"premium",22.3255082742317
2021-03-25,"premium",22.3284397163121
2021-03-26,"premium",22.3187706855792
2021-03-27,"premium",22.314609929078
2021-03-28,"premium",22.3077777777778
2021-03-29,"premium",22.3090307328605
2021-03-30,"premium",22.3187943262411
2021-03-31,"premium",22.323475177305
2021-04-01,"premium",22.3293853427896
2021-04-02,"premium",22.3311820330969
2021-04-03,"premium",22.3283451536643
2021-04-05,"premium",22.3260520094563
2021-04-06,"premium",22.3312056737589
2021-04-07,"premium",22.3310165484634
2021-04-08,"premium",22.3291962174941
2021-04-09,"premium",22.3282742316785
2021-04-10,"premium",22.3252245862884
2021-04-11,"premium",22.3171158392435
2021-04-12,"premium",22.316548463357
2021-04-13,"premium",22.3184397163121
2021-04-14,"premium",22.3123640661939
2021-04-15,"premium",22.3147044917258
2021-04-16,"premium",22.3167375886525
2021-04-17,"premium",22.323853427896
2021-04-18,"premium",22.3301891252955
2021-04-19,"premium",22.335768321513
2021-04-20,"premium",22.3372104018913
2021-04-21,"premium",22.3443498817967
2021-04-22,"premium",22.3548463356974
2021-04-23,"premium",22.3520567375887
2021-04-24,"premium",22.3408037825059
2021-04-25,"premium",22.3322458628842
2021-04-26,"premium",22.3316548463357
2021-04-27,"premium",22.3317257683215
2021-04-28,"premium",22.3299290780142
2021-04-29,"premium",22.3252955082742
2021-04-30,"premium",22.3285815602837
2021-05-01,"premium",22.3367848699764
2021-05-02,"premium",22.3390543735225
2021-05-03,"premium",22.34
2021-05-04,"premium",22.3459810874704
2021-05-05,"premium",22.3443971631206
2021-05-06,"premium",22.351938534279
2021-05-07,"premium",22.3572340425532
2021-05-08,"premium",22.3608274231678
2021-05-09,"premium",22.3612293144208
2021-05-10,"premium",22.3634278959811
2021-05-11,"premium",22.3713475177305
2021-05-12,"premium",22.3783215130024
2021-05-13,"premium",22.3789598108747
2021-05-14,"premium",22.3795035460993
2021-05-15,"premium",22.3863829787234
2021-05-16,"premium",22.3828368794326
2021-05-17,"premium",22.3824586288416
2021-05-18,"premium",22.3853191489362
2021-05-19,"premium",22.385011820331
2021-05-20,"premium",22.3868557919622
2021-05-21,"premium",22.390378250591
2021-05-22,"premium",22.3900709219858
2021-05-23,"premium",22.3865011820331
2021-05-24,"premium",22.3878014184397
2019-05-03,"regular",20.7205569007264
2019-05-06,"regular",20.719588377724
2019-05-07,"regular",20.725072815534
2019-05-08,"regular",20.7267233009709
2019-05-09,"regular",20.7239805825243
2019-05-10,"regular",20.7221601941748
2019-05-13,"regular",20.7256553398058
2019-05-14,"regular",20.7249757281553
2019-05-15,"regular",20.7265776699029
2019-05-16,"regular",20.7283009708738
2019-05-17,"regular",20.7287378640777
2019-05-20,"regular",20.7340875912409
2019-05-21,"regular",20.7336165048544
2019-05-22,"regular",20.7393220338983
2019-05-23,"regular",20.7439709443099
2019-05-24,"regular",20.7490799031477
2019-05-27,"regular",20.7487409200969
2019-05-28,"regular",20.7487409200969
2019-05-29,"regular",20.7423002421307
2019-05-30,"regular",20.7373365617433
2019-05-31,"regular",20.7330024213075
2019-06-03,"regular",20.7191041162228
2019-06-04,"regular",20.7153140096618
2019-06-05,"regular",20.7074879227053
2019-06-06,"regular",20.6952757793765
2019-06-07,"regular",20.6539088729017
2019-06-10,"regular",20.6199760191847
2019-06-11,"regular",20.6151558752998
2019-06-12,"regular",20.613860911271
2019-06-13,"regular",20.6007673860911
2019-06-14,"regular",20.5778708133971
2019-06-17,"regular",20.5401909307876
2019-06-18,"regular",20.5422619047619
2019-06-19,"regular",20.5524285714286
2019-06-20,"regular",20.5453206650831
2019-06-21,"regular",20.5364608076009
2019-06-24,"regular",20.5288151658768
2019-06-25,"regular",20.5298815165877
2019-06-26,"regular",20.5391232227488
2019-06-27,"regular",20.556682464455
2019-06-28,"regular",20.5740758293839
2019-07-01,"regular",20.5907582938389
2019-07-02,"regular",20.5922511848341
2019-07-04,"regular",20.5947867298578
2019-07-05,"regular",20.5963744075829
2019-07-08,"regular",20.5978672985782
2019-07-09,"regular",20.5952843601896
2019-07-10,"regular",20.6124170616114
2019-07-11,"regular",20.5835308056872
2019-07-12,"regular",20.5808530805687
2019-07-15,"regular",20.5773222748815
2019-07-16,"regular",20.5751421800948
2019-07-17,"regular",20.5765639810427
2019-07-18,"regular",20.57336492891
2019-07-19,"regular",20.573672985782
2019-07-22,"regular",20.5698581560284
2019-07-23,"regular",20.5705896226415
2019-07-24,"regular",20.5698349056604
2019-07-25,"regular",20.5677594339623
2019-07-26,"regular",20.5668867924528
2019-07-29,"regular",20.5649056603774
2019-07-30,"regular",20.5655555555556
2019-07-31,"regular",20.5485342789598
2019-08-01,"regular",20.5393144208038
2019-08-02,"regular",20.530756501182
2019-08-05,"regular",20.5394117647059
2019-08-06,"regular",20.5449647058824
2019-08-07,"regular",20.5526823529412
2019-08-08,"regular",20.5403990610329
2019-08-09,"regular",20.5201643192488
2019-08-12,"regular",20.4831455399061
2019-08-13,"regular",20.4768544600939
2019-08-14,"regular",20.4515492957746
2019-08-15,"regular",20.4269953051643
2019-08-16,"regular",20.4036150234742
2019-08-19,"regular",20.3610798122066
2019-08-20,"regular",20.360985915493
2019-08-21,"regular",20.3690610328639
2019-08-22,"regular",20.3531690140845
2019-08-23,"regular",20.3343427230047
2019-08-27,"regular",20.3344835680751
2019-08-28,"regular",20.3378169014085
2019-08-29,"regular",20.3457746478873
2019-08-30,"regular",20.3764319248826
2019-09-02,"regular",20.4234741784038
2019-09-03,"regular",20.4261267605634
2019-09-04,"regular",20.4226056338028
2019-09-05,"regular",20.4096478873239
2019-09-06,"regular",20.4068075117371
2019-09-09,"regular",20.3849061032864
2019-09-10,"regular",20.3810093896714
2019-09-11,"regular",20.3684741784038
2019-09-12,"regular",20.3705164319249
2019-09-13,"regular",20.3736533957845
2019-09-17,"regular",20.3880093676815
2019-09-18,"regular",20.3866510538642
2019-09-19,"regular",20.3688056206089
2019-09-20,"regular",20.3615925058548
2019-09-23,"regular",20.3667915690867
2019-09-24,"regular",20.3642857142857
2019-09-25,"regular",20.3755269320843
2019-09-26,"regular",20.3858782201405
2019-09-30,"regular",20.4022482435597
2019-10-01,"regular",20.401943793911
2019-10-02,"regular",20.4063700234192
2019-10-03,"regular",20.4033723653396
2019-10-04,"regular",20.4004918032787
2019-10-07,"regular",20.3871028037383
2019-10-08,"regular",20.3904449648712
2019-10-09,"regular",20.3825995316159
2019-10-21,"regular",20.3695560747664
2019-10-30,"regular",20.3344392523364
2019-11-01,"regular",20.3273130841121
2019-11-04,"regular",20.3344626168224
2019-11-05,"regular",20.338738317757
2019-11-06,"regular",20.3488317757009
2019-11-07,"regular",20.3504906542056
2019-11-11,"regular",20.3511448598131
2019-11-13,"regular",20.3545454545455
2019-11-14,"regular",20.3512121212121
2019-11-19,"regular",20.349020979021
2019-11-20,"regular",20.3512121212121
2019-11-26,"regular",20.3722737819026
2019-11-27,"regular",20.3858932714617
2019-11-28,"regular",20.3961948955916
2019-11-29,"regular",20.4356844547564
2019-12-02,"regular",20.4686078886311
2019-12-03,"regular",20.4816009280742
2019-12-04,"regular",20.4912993039443
2019-12-05,"regular",20.4915081206497
2019-12-09,"regular",20.4687935034803
2019-12-11,"regular",20.465313225058
2019-12-12,"regular",20.4581670533643
2019-12-13,"regular",20.4498607888631
2019-12-16,"regular",20.4202552204176
2019-12-17,"regular",20.427656612529
2019-12-18,"regular",20.4396287703016
2019-12-19,"regular",20.4373317865429
2019-12-20,"regular",20.4597679814385
2020-01-08,"regular",20.6060788863109
2020-01-09,"regular",20.5975638051044
2020-01-10,"regular",20.5945707656613
2020-01-13,"regular",20.5660092807425
2020-01-14,"regular",20.5723201856148
2020-01-15,"regular",20.5727610208817
2020-01-16,"regular",20.5612064965197
2020-01-17,"regular",20.5575406032483
2020-01-20,"regular",20.5291183294664
2020-01-21,"regular",20.5428770301624
2020-01-22,"regular",20.5549419953596
2020-01-23,"regular",20.5573085846868
2020-01-24,"regular",20.557494199536
2020-01-27,"regular",20.5517401392111
2020-01-28,"regular",20.5684222737819
2020-01-30,"regular",20.54656612529
2020-01-31,"regular",20.5366821345708
2020-02-04,"regular",20.4893287037037
2020-02-05,"regular",20.4783333333333
2020-02-10,"regular",20.3828868360277
2020-02-11,"regular",20.3796527777778
2020-02-13,"regular",20.3801157407407
2020-02-17,"regular",20.3859259259259
2020-02-18,"regular",20.3957505773672
2020-02-19,"regular",20.4025635103926
2020-02-20,"regular",20.4012702078522
2020-02-21,"regular",20.4067436489607
2020-02-24,"regular",20.4433025404157
2020-02-25,"regular",20.4523787528868
2020-02-26,"regular",20.4584526558891
2020-02-27,"regular",20.4734642032333
2020-02-28,"regular",20.4739260969977
2020-03-02,"regular",20.4043879907621
2020-03-03,"regular",20.4084757505774
2020-03-04,"regular",20.3860046189376
2020-03-05,"regular",20.3807852193995
2020-03-06,"regular",20.3819399538106
2020-03-09,"regular",20.3575750577367
2020-03-10,"regular",20.3642032332564
2020-03-11,"regular",20.3374133949192
2020-03-12,"regular",20.2489376443418
2020-03-13,"regular",20.1529099307159
2020-03-17,"regular",19.6728868360277
2020-03-18,"regular",19.5421709006928
2020-03-19,"regular",19.1950115473441
2020-03-20,"regular",18.9525555555556
2020-03-21,"regular",18.0374444444444
2020-03-22,"regular",18.0290069284065
2020-03-23,"regular",17.9619861431871
2020-03-24,"regular",17.8206697459584
2020-03-25,"regular",17.5873672055427
2020-03-26,"regular",17.1396073903002
2020-03-27,"regular",17.0104849884527
2020-03-28,"regular",16.8716166281755
2020-03-29,"regular",16.6672748267898
2020-03-30,"regular",16.6086143187067
2020-03-31,"regular",16.4772979214781
2020-04-01,"regular",16.2956351039261
2020-04-02,"regular",16.2043648960739
2020-04-03,"regular",16.1213625866051
2020-04-04,"regular",16.0224942263279
2020-04-05,"regular",15.9667436489607
2020-04-06,"regular",15.9640415704388
2020-04-07,"regular",15.9311085450346
2020-04-08,"regular",15.9480831408776
2020-04-09,"regular",15.943233256351
2020-04-10,"regular",15.9022401847575
2020-04-11,"regular",15.8652655889145
2020-04-12,"regular",15.8469053117783
2020-04-13,"regular",15.8440877598152
2020-04-14,"regular",15.8452655889146
2020-04-15,"regular",15.7964434180139
2020-04-16,"regular",15.7857736720554
2020-04-17,"regular",15.7906451612903
2020-04-18,"regular",15.7932258064516
2020-04-19,"regular",15.8063824884793
2020-04-20,"regular",15.8095852534562
2020-04-21,"regular",15.8085714285714
2020-04-22,"regular",15.7821658986175
2020-04-23,"regular",15.7709907834101
2020-04-24,"regular",15.7211520737327
2020-04-25,"regular",15.7002995391705
2020-04-26,"regular",15.6998156682028
2020-04-27,"regular",15.6933870967742
2020-04-28,"regular",15.6909677419355
2020-04-29,"regular",15.6859447004608
2020-04-30,"regular",15.6930875576037
2020-05-01,"regular",15.6957603686636
2020-05-02,"regular",15.7304838709677
2020-05-03,"regular",15.7702304147465
2020-05-04,"regular",15.7919585253456
2020-05-05,"regular",15.8194700460829
2020-05-06,"regular",15.8695852534562
2020-05-07,"regular",15.9733640552995
2020-05-08,"regular",16.2345622119816
2020-05-09,"regular",16.4431105990783
2020-05-10,"regular",16.6261059907834
2020-05-11,"regular",16.6496543778802
2020-05-12,"regular",16.7346313364055
2020-05-13,"regular",16.8831797235023
2020-05-14,"regular",16.9877649769585
2020-05-15,"regular",17.0221889400922
2020-05-16,"regular",17.034930875576
2020-05-17,"regular",17.0757142857143
2020-05-18,"regular",17.0800921658986
2020-05-19,"regular",17.0985714285714
2020-05-20,"regular",17.1882488479263
2020-05-21,"regular",17.2913133640553
2020-05-22,"regular",17.4461059907834
2020-05-23,"regular",17.5448156682028
2020-05-24,"regular",17.6129493087558
2020-05-25,"regular",17.6207603686636
2020-05-26,"regular",17.6399769585253
2020-05-27,"regular",17.6764055299539
2020-05-28,"regular",17.6941705069124
2020-05-29,"regular",17.7086866359447
2020-05-30,"regular",17.7032718894009
2020-05-31,"regular",17.708732718894
2020-06-01,"regular",17.7062903225806
2020-06-02,"regular",17.7161751152074
2020-06-03,"regular",17.722534562212
2020-06-04,"regular",17.7297926267281
2020-06-05,"regular",17.7494700460829
2020-06-06,"regular",17.7601843317972
2020-06-07,"regular",17.7787096774194
2020-06-08,"regular",17.783732718894
2020-06-09,"regular",17.7977649769585
2020-06-10,"regular",17.8863824884793
2020-06-11,"regular",17.9578110599078
2020-06-12,"regular",18.027534562212
2020-06-13,"regular",18.0920046082949
2020-06-14,"regular",18.114400921659
2020-06-15,"regular",18.1121658986175
2020-06-16,"regular",18.121198156682
2020-06-17,"regular",18.1209677419355
2020-06-18,"regular",18.1548617511521
2020-06-19,"regular",18.2112211981567
2020-06-20,"regular",18.2641935483871
2020-06-21,"regular",18.4179262672811
2020-06-22,"regular",18.4400921658986
2020-06-23,"regular",18.4892396313364
2020-06-24,"regular",18.6214976958525
2020-06-25,"regular",18.7108986175115
2020-06-26,"regular",18.8130875576037
2020-06-27,"regular",18.8698387096774
2020-06-28,"regular",18.8878571428571
2020-06-29,"regular",18.8874826789838
2020-06-30,"regular",18.9041801385681
2020-07-01,"regular",18.8967205542725
2020-07-02,"regular",18.9481062355658
2020-07-03,"regular",19.0176212471132
2020-07-04,"regular",19.0533256351039
2020-07-05,"regular",19.0960046189376
2020-07-06,"regular",19.1018937644342
2020-07-07,"regular",19.1266974595843
2020-07-08,"regular",19.1650115473441
2020-07-09,"regular",19.1904849884527
2020-07-10,"regular",19.2231639722864
2020-07-11,"regular",19.283233256351
2020-07-12,"regular",19.3261893764434
2020-07-13,"regular",19.3293302540416
2020-07-14,"regular",19.3418244803695
2020-07-15,"regular",19.3622401847575
2020-07-16,"regular",19.383233256351
2020-07-17,"regular",19.3871362586605
2020-07-18,"regular",19.4046420323326
2020-07-19,"regular",19.4043648960739
2020-07-20,"regular",19.4023556581986
2020-07-21,"regular",19.4076443418014
2020-07-22,"regular",19.3847344110855
2020-07-23,"regular",19.3789376443418
2020-07-24,"regular",19.3910854503464
2020-07-25,"regular",19.3960046189376
2020-07-26,"regular",19.3941108545035
2020-07-27,"regular",19.3859815242494
2020-07-28,"regular",19.3926558891455
2020-07-29,"regular",19.3907390300231
2020-07-30,"regular",19.3840184757506
2020-07-31,"regular",19.3676905311778
2020-08-01,"regular",19.3445496535797
2020-08-02,"regular",19.3142263279446
2020-08-03,"regular",19.299584295612
2020-08-04,"regular",19.2978752886836
2020-08-05,"regular",19.2652886836028
2020-08-06,"regular",19.2443187066975
2020-08-07,"regular",19.2393533487298
2020-08-08,"regular",19.2247113163972
2020-08-09,"regular",19.2076443418014
2020-08-10,"regular",19.1953579676674
2020-08-11,"regular",19.2026789838337
2020-08-12,"regular",19.1930023094688
2020-08-13,"regular",19.1821939953811
2020-08-14,"regular",19.1742032332563
2020-08-15,"regular",19.1662355658199
2020-08-16,"regular",19.1575057736721
2020-08-17,"regular",19.1500461893764
2020-08-18,"regular",19.1588221709007
2020-08-19,"regular",19.1522401847575
2020-08-20,"regular",19.1499307159353
2020-08-21,"regular",19.1584988452656
2020-08-22,"regular",19.1562124711316
2020-08-23,"regular",19.1710161662818
2020-08-24,"regular",19.1647113163972
2020-08-25,"regular",19.1766974595843
2020-08-26,"regular",19.1793071593533
2020-08-27,"regular",19.2355427251732
2020-08-28,"regular",19.2961662817552
2020-08-29,"regular",19.3451963048499
2020-08-30,"regular",19.3470669745958
2020-08-31,"regular",19.3417782909931
2020-09-01,"regular",19.343025404157
2020-09-02,"regular",19.3386605080831
2020-09-03,"regular",19.3206466512702
2020-09-04,"regular",19.3084757505774
2020-09-05,"regular",19.2969053117783
2020-09-06,"regular",19.2775288683603
2020-09-07,"regular",19.2632794457275
2020-09-08,"regular",19.270207852194
2020-09-09,"regular",19.249376443418
2020-09-10,"regular",19.2233718244804
2020-09-11,"regular",19.1890762124711
2020-09-12,"regular",19.1518013856813
2020-09-13,"regular",19.083064516129
2020-09-14,"regular",19.0650460829493
2020-09-15,"regular",19.0524884792627
2020-09-16,"regular",19.0002304147465
2020-09-17,"regular",18.9562903225806
2020-09-18,"regular",18.9491013824885
2020-09-19,"regular",18.9135714285714
2020-09-20,"regular",18.9009447004608
2020-09-21,"regular",18.9011520737327
2020-09-22,"regular",18.9166820276498
2020-09-23,"regular",18.9260599078341
2020-09-24,"regular",18.9141244239631
2020-09-25,"regular",18.9057142857143
2020-09-26,"regular",18.8971198156682
2020-09-27,"regular",18.9017741935484
2020-09-28,"regular",18.9006221198157
2020-09-29,"regular",18.9279953917051
2020-09-30,"regular",18.9851382488479
2020-10-01,"regular",19.0951382488479
2020-10-02,"regular",19.1273502304147
2020-10-03,"regular",19.1070506912442
2020-10-04,"regular",19.1002304147465
2020-10-05,"regular",19.094331797235
2020-10-06,"regular",19.0973502304147
2020-10-07,"regular",19.0539861751152
2020-10-08,"regular",19.0393087557604
2020-10-09,"regular",19.0431566820277
2020-10-10,"regular",19.0411751152074
2020-10-11,"regular",19.0390552995392
2020-10-12,"regular",19.0395391705069
2020-10-13,"regular",19.0444239631336
2020-10-14,"regular",19.0232718894009
2020-10-15,"regular",19.0047004608295
2020-10-16,"regular",18.9849539170507
2020-10-17,"regular",18.9537557603687
2020-10-18,"regular",18.9275115207373
2020-10-19,"regular",18.9214055299539
2020-10-20,"regular",18.9225115207373
2020-10-21,"regular",18.885
2020-10-22,"regular",18.8499078341014
2020-10-23,"regular",18.8085253456221
2020-10-24,"regular",18.7546774193548
2020-10-25,"regular",18.7132949308756
2020-10-26,"regular",18.6994470046083
2020-10-27,"regular",18.6976267281106
2020-10-28,"regular",18.6367511520737
2020-10-29,"regular",18.5538709677419
2020-10-30,"regular",18.5108294930876
2020-10-31,"regular",18.4489631336406
2020-11-01,"regular",18.3791705069124
2020-11-02,"regular",18.3699078341014
2020-11-03,"regular",18.3453225806452
2020-11-04,"regular",18.2687788018433
2020-11-05,"regular",18.2055069124424
2020-11-06,"regular",18.1647004608295
2020-11-07,"regular",18.1392165898617
2020-11-08,"regular",18.1073271889401
2020-11-09,"regular",18.0918433179724
2020-11-10,"regular",18.08866359447
2020-11-11,"regular",18.043732718894
2020-11-12,"regular",18.0211059907834
2020-11-13,"regular",18.0207142857143
2020-11-14,"regular",18.0110368663594
2020-11-15,"regular",18.0006451612903
2020-11-16,"regular",17.9949769585253
2020-11-17,"regular",17.9925806451613
2020-11-18,"regular",17.983133640553
2020-11-19,"regular",17.9597695852535
2020-11-20,"regular",17.941866359447
2020-11-21,"regular",17.9134331797235
2020-11-22,"regular",17.9031566820276
2020-11-23,"regular",17.8970967741935
2020-11-24,"regular",17.8953225806452
2020-11-25,"regular",17.8802534562212
2020-11-26,"regular",17.883133640553
2020-11-27,"regular",17.9001612903226
2020-11-28,"regular",17.9397004608295
2020-11-29,"regular",17.9730184331797
2020-11-30,"regular",17.9752534562212
2020-12-01,"regular",17.9962442396313
2020-12-02,"regular",18.0189861751152
2020-12-03,"regular",18.0373502304147
2020-12-04,"regular",18.0377649769585
2020-12-05,"regular",18.0298387096774
2020-12-06,"regular",18.0236866359447
2020-12-07,"regular",18.0246774193548
2020-12-08,"regular",18.0352995391705
2020-12-09,"regular",18.0421658986175
2020-12-10,"regular",18.0412211981567
2020-12-11,"regular",18.0346543778802
2020-12-12,"regular",18.0329262672811
2020-12-13,"regular",18.0637557603687
2020-12-14,"regular",18.0595161290323
2020-12-15,"regular",18.0816820276498
2020-12-16,"regular",18.1263594470046
2020-12-18,"regular",18.176866359447
2020-12-19,"regular",18.2000230414747
2020-12-20,"regular",18.2632949308756
2020-12-21,"regular",18.2736866359447
2020-12-22,"regular",18.3044470046083
2020-12-23,"regular",18.3721658986175
2020-12-24,"regular",18.393732718894
2020-12-25,"regular",18.4120737327189
2020-12-26,"regular",18.4152304147465
2020-12-27,"regular",18.4202534562212
2020-12-28,"regular",18.4214516129032
2020-12-29,"regular",18.4338940092166
2020-12-30,"regular",18.454331797235
2020-12-31,"regular",18.4566129032258
2021-01-01,"regular",18.4688940092166
2021-01-02,"regular",18.5073271889401
2021-01-03,"regular",18.53633640553
2021-01-04,"regular",18.5438940092166
2021-01-05,"regular",18.5652995391705
2021-01-06,"regular",18.6341013824885
2021-01-07,"regular",18.6567511520737
2021-01-08,"regular",18.7412903225806
2021-01-09,"regular",18.8223271889401
2021-01-10,"regular",18.8898156682028
2021-01-11,"regular",18.9041935483871
2021-01-12,"regular",18.9391474654378
2021-01-13,"regular",19.0902304147465
2021-01-14,"regular",19.2191935483871
2021-01-15,"regular",19.319331797235
2021-01-16,"regular",19.4009216589862
2021-01-17,"regular",19.4558986175115
2021-01-18,"regular",19.4575806451613
2021-01-19,"regular",19.4808755760369
2021-01-20,"regular",19.5047695852535
2021-01-21,"regular",19.5251152073733
2021-01-22,"regular",19.5332258064516
2021-01-23,"regular",19.5474193548387
2021-01-24,"regular",19.5595391705069
2021-01-25,"regular",19.5623271889401
2021-01-26,"regular",19.5646313364055
2021-01-27,"regular",19.5873502304147
2021-01-28,"regular",19.6178571428571
2021-01-29,"regular",19.6563824884793
2021-01-30,"regular",19.6913133640553
2021-01-31,"regular",19.7129723502304
2021-02-01,"regular",19.7200230414747
2021-02-02,"regular",19.7210722610723
2021-02-03,"regular",19.738951048951
2021-02-04,"regular",19.7587412587413
2021-02-05,"regular",19.7858741258741
2021-02-06,"regular",19.817365967366
2021-02-07,"regular",19.8544988344988
2021-02-08,"regular",19.8558508158508
2021-02-09,"regular",19.8813286713287
2021-02-10,"regular",19.9128438228438
2021-02-11,"regular",19.9251860465116
2021-02-12,"regular",19.948
2021-02-13,"regular",19.9703953488372
2021-02-14,"regular",19.9760930232558
2021-02-15,"regular",19.977511627907
2021-02-16,"regular",19.9880697674419
2021-02-17,"regular",19.9988372093023
2021-02-18,"regular",20.0184418604651
2021-02-19,"regular",20.0630465116279
2021-02-20,"regular",20.1088604651163
2021-02-21,"regular",20.1399302325581
2021-02-22,"regular",20.1509302325581
2021-02-23,"regular",20.1722558139535
2021-02-24,"regular",20.2146976744186
2021-02-25,"regular",20.2518604651163
2021-02-26,"regular",20.2861162790698
2021-02-27,"regular",20.3138694638695
2021-02-28,"regular",20.3415617715618
2021-03-01,"regular",20.3526279069767
2021-03-02,"regular",20.3587906976744
2021-03-03,"regular",20.3975581395349
2021-03-04,"regular",20.4281627906977
2021-03-05,"regular",20.4682093023256
2021-03-06,"regular",20.4848604651163
2021-03-07,"regular",20.4969534883721
2021-03-08,"regular",20.499488372093
2021-03-09,"regular",20.5168604651163
2021-03-10,"regular",20.5456046511628
2021-03-11,"regular",20.5783953488372
2021-03-12,"regular",20.6220930232558
2021-03-13,"regular",20.6522325581395
2021-03-14,"regular",20.6617209302326
2021-03-15,"regular",20.663488372093
2021-03-16,"regular",20.6682790697674
2021-03-17,"regular",20.6744418604651
2021-03-18,"regular",20.671511627907
2021-03-19,"regular",20.6725813953488
2021-03-21,"regular",20.6475581395349
2021-03-22,"regular",20.6465348837209
2021-03-23,"regular",20.6472790697674
2021-03-24,"regular",20.6306279069767
2021-03-25,"regular",20.6258372093023
2021-03-26,"regular",20.6187674418605
2021-03-27,"regular",20.6107209302326
2021-03-28,"regular",20.6005348837209
2021-03-29,"regular",20.5997674418605
2021-03-30,"regular",20.6071627906977
2021-03-31,"regular",20.6067906976744
2021-04-01,"regular",20.6121395348837
2021-04-02,"regular",20.6277441860465
2021-04-03,"regular",20.6219534883721
2021-04-05,"regular",20.625023255814
2021-04-06,"regular",20.631023255814
2021-04-07,"regular",20.6306046511628
2021-04-08,"regular",20.6309534883721
2021-04-09,"regular",20.6268604651163
2021-04-10,"regular",20.6177209302326
2021-04-11,"regular",20.5948372093023
2021-04-12,"regular",20.5937209302326
2021-04-13,"regular",20.5953255813953
2021-04-14,"regular",20.5789302325581
2021-04-15,"regular",20.5678139534884
2021-04-16,"regular",20.5538372093023
2021-04-17,"regular",20.5541860465116
2021-04-18,"regular",20.5588139534884
2021-04-19,"regular",20.5626279069767
2021-04-20,"regular",20.5693255813953
2021-04-21,"regular",20.5752093023256
2021-04-22,"regular",20.5795348837209
2021-04-23,"regular",20.5766744186047
2021-04-24,"regular",20.5534418604651
2021-04-25,"regular",20.5453255813953
2021-04-26,"regular",20.5455581395349
2021-04-27,"regular",20.554488372093
2021-04-28,"regular",20.5364186046512
2021-04-29,"regular",20.5316744186047
2021-04-30,"regular",20.5329534883721
2021-05-01,"regular",20.5457441860465
2021-05-02,"regular",20.5475581395349
2021-05-03,"regular",20.5465581395349
2021-05-04,"regular",20.5555348837209
2021-05-05,"regular",20.5613953488372
2021-05-06,"regular",20.5690465116279
2021-05-07,"regular",20.5761162790698
2021-05-08,"regular",20.5784651162791
2021-05-09,"regular",20.5756511627907
2021-05-10,"regular",20.5750465116279
2021-05-11,"regular",20.5832558139535
2021-05-12,"regular",20.5821395348837
2021-05-13,"regular",20.5830465116279
2021-05-14,"regular",20.5826046511628
2021-05-15,"regular",20.5813953488372
2021-05-16,"regular",20.5738139534884
2021-05-17,"regular",20.5739302325581
2021-05-18,"regular",20.5805348837209
2021-05-19,"regular",20.5716279069767
2021-05-20,"regular",20.5702558139535
2021-05-21,"regular",20.57
2021-05-22,"regular",20.566488372093
2021-05-23,"regular",20.5466744186047
2021-05-24,"regular",20.5427209302326
